TH1,TH2,TH3,TH4,TH5,TH6,TH7,TH8,TH9,TH10,TH11,TH12,TH13,TH14,TH15,TH16,TH17,TH18,TH19,TH20,TH21,TH22,TH23,TH24,TH25,TH26,TH27,TH28,sum(w)
1,0,1,0,1,0,0,0,0,1,1,0,0,0,1,1,0,0,0,1,1,0,1,1,1,1,1,1,69.91878
1,0,1,0,1,0,0,0,0,1,0,0,0,0,1,1,0,0,0,1,1,0,1,1,1,1,1,1,69.23338
1,0,1,0,1,0,0,0,0,1,1,0,0,0,1,1,0,0,0,1,1,0,1,0,1,1,1,1,68.57048
1,0,1,0,1,0,0,0,0,1,0,0,0,0,1,1,0,0,0,1,1,0,1,0,1,1,1,1,67.88508
1,0,1,0,0,0,0,0,0,1,1,0,0,0,1,1,1,0,0,1,1,0,1,1,1,1,1,1,67.27018
