TH1,TH2,TH3,TH4,TH5,TH6,TH7,TH8,TH9,TH10,TH11,TH12,TH13,TH14,TH15,TH16,TH17,TH18,TH19,TH20,TH21,TH22,TH23,TH24,TH25,TH26,TH27,TH28,sum(w)
1,0,0,1,1,1,0,0,0,1,1,1,1,1,0,0,1,0,1,1,0,1,1,0,1,1,1,1,93.53018
1,0,0,1,1,1,0,0,0,1,1,1,1,0,0,0,1,0,1,1,0,1,1,1,1,1,1,1,91.92298
1,0,0,1,1,1,0,0,0,1,1,1,1,1,0,0,0,0,1,1,1,1,1,0,1,1,0,1,90.36818
1,0,0,1,1,1,0,0,0,0,1,1,1,1,0,0,0,1,1,1,0,0,1,0,1,1,1,0,89.504
0,0,1,1,1,1,0,0,0,0,1,1,1,1,0,1,0,1,1,1,0,0,1,0,1,1,1,0,89.1512
